line,firstnum,lastnum,calibration
sixsrvldfour4seven,6,7,67
53hvhgchljnlxqjsgrhxgf1zfoureightmlhvvv,5,8,58
fives2dznl,5,2,52
twocrqvjsix5threethree,2,3,23
gtjtwonefourone6fouronefccmnpbpeightnine,2,9,29
seventdtrcseveneightsevencgjgjxfpmfsix8twones,7,1,71
fourthreeseven1grvhrjxklh3ninetwothree,4,3,43
fourninethrnnth8,4,8,48
two2hnxcfivejrdjxtb,2,5,25
bssbrgcx86vsmqstrxsjbjeightqzhbzxqg5,8,5,85
rsevenbqjfxh23rzdgcmdleightsixknpfs,7,6,76
jprxbcghdgxhk9x,9,9,99
8czzpmvgmlchnkf,8,,8
vdrtteight85hlkninehgnblqnsdnineeight,8,8,88
fivetwohlxdql43kfzzbhtncg,5,3,53
lmhtwoneghgtl2,2,2,22
drtfsfhtbgfourpfpcznzrsix33,4,3,43
pptqkrdbeighteightsixdlsixkrlhr2,8,2,82
57threetwo,5,2,52
qoneight367gqbpbtbffivetlhrdjgnml2d,1,2,12
ninevdnzxsxone3,9,3,93
3threeqzrmfndfiveeight4,3,4,34
rmthreethreefourtwotkpncxpmctkxjhzxg5,3,5,35
nsfrpl6lkqrrmlxhrxmngzjtzbpsjgeight,6,8,68
9twobfknine57sixfour7,9,7,97
7one83sixthreecllxjnphb,7,3,73
82nhxcjnck1,8,1,81
5zrffive,5,5,55
bgdzqqpninefourjhtcjfjmxrmqhgz7fxnjrjfivetlpbddcsfs,9,5,95
xmbgqfhxx1sevenkfnqztfourzbngv,1,4,14
6onethree,6,3,63
1przkgcft77xblxkxm,1,7,17
hnjslmc96,9,6,96
fourktlnine59,4,9,49
7twoxthree,7,3,73
9twofiveonetwo5bnl,9,5,95
6cbzmrg1three7,6,7,67
fbndztsthreefourthreefgj1eightrffdbpsn,3,8,38
4zpqnskhnqjbjlhbbsxsmk,4,,4
seventhree1fourbvnbbsbkl5,7,5,75
five42jkbzqcnblr,5,2,52
357,3,7,37
543cshpxrfnnhonetkbhxtmlgczdndqjscb,5,1,51
2mpftseven,2,7,27
44five8nineeight,4,8,48
rmgrljrljb8hxxfmdpbbvmblltxfive6mdsmm7mmpk,8,7,87
nprsix6,6,6,66
five4vkqrsixmjkjps,5,6,56
kfivebrlzvc1twoseveneight,5,8,58
lqnjsixtwo7fourbmbxnr9dqmpbbfkfive,6,5,65
1ccsvvrrvjseight9nzgnldhzndpvdzcncl,1,9,19
zdzlsix9rjvninehsix4,6,4,64
fsevenfour8four6three,7,3,73
eightrmvsq65mpvffkkhxc6seveneight,8,8,88
sixrmgchvfttpbsncc5hnine,6,9,69
147,1,7,17
57gsdhqjbrfsskhmtcbszmjmhrxg7,5,7,57
sevenfive31twomhkhttdprdnzlng7three,7,3,73
3spgnkpeighttwotwo4,3,4,34
psxlxdjrtmgpveightxjkxhmbeightsix2,8,2,82
five53vgqcfmgqlm5dkchcmfkclpfxntbf,5,5,55
76sixmgqgftzfive4nfsqhkqvptnnshqlhd,7,4,74
sevensixsevenone7xbsxvdpdtc,7,7,77
nine3sixfourtwo6mpmpjb,9,6,96
eight4sevensixfour7dtgrvpq,8,7,87
1sixnceight1bg,1,1,11
79xfftvpvfour,7,4,74
noneight3,1,3,13
twoxdhkkgxhvz5three9seven8hszqdvnhr,2,8,28
kbpc9kqvhonelljprfs4pzcnpfrdssfivetwo,9,2,92
four4eightseven,4,7,47
5three95cqs65nine3,5,3,53
72sevenrkcqmqbscp9kzjxrg8d6,7,6,76
5rjbzpghninexfzvjpqmt9eight,5,8,58
jfjrvzcjkrkd1eight,1,8,18
six4ccvbclxkkntzmgthreercsjbznfive,6,5,65
xkqdtghlshthreeninefive53three,3,3,33
one3fgcsrxk1,1,1,11
1foursevenmvmzpvkqseven351,1,1,11
858qqbkgjxqfive,8,5,85
fkpd4three8sixlkttgnfzc,4,6,46
btpmrzqmsevennine3f6,7,6,76
61nine,6,9,69
fourone7fsfxfrlqzvbqjpccfour,4,4,44
five85sseven7jxlpl,5,7,57
kzgszphcpfoursevenlzlkqmjndz4ninelnine,4,9,49
4eightld,4,8,48
five8dqzlzfnine,5,9,59
6zjsqxqnineplbqhxltmffour,6,4,64
1fivebfoursrdcfive,1,5,15
8678fourgzdhrtrtwothree,8,3,83
847,8,7,87
fiveeightdseven5fivefivecbdrrbnng,5,5,55
5qddhnzxlhqeight2sevenln8nine9,5,9,59
13kxvqlvt7xvcksdthreekfqc,1,3,13
1threehqshd9two19,1,9,19
twogcphmsspeight7,2,7,27
1pnktcbbpkmeight42hcgfoursix,1,6,16
nineninepdxqg4xspkqjneightchqxptninegcckrbmsvk,9,9,99
fnine5ninex1eightgdhpkngmgq,9,8,98
jlgvcn73three,7,3,73
twoljsp5,2,5,25
xlf52twovcnnjglhmm,5,2,52
lmonesix1kfhbpdntpthjkl,1,1,11
89six6threegmfqlone,8,1,81
ninefbdvbhrgfivesevenzsjlt5tqkzfxb9,9,9,99
pvfoursixgdtvxxvlnx8kgsj,4,8,48
9fpjsnheightfivermpxrkddczvzqbdbs,9,5,95
92zhksstbzr,9,2,92
fvxeightwoddrhpfsevenmlkp178,8,8,88
2ntqvj42eight6,2,6,26
46xthree26snkhxmmzknhrvsfrprch,4,6,46
lvcfiveseven3plzlsvmm,5,3,53
three69,3,9,39
scrkglnine1,9,1,91
fivemlvcpxfcggllpnpsdjmnhhkfkbtmcfone2,5,2,52
7tseveneightnmjqbsfgh,7,8,78
onegbdpmtwo39nvbdl2,1,2,12
532rg,5,2,52
3cpjksevenonejjndff9six,3,6,36
4nbtbrmtxmpcnvkjsgseven,4,7,47
2brfkknktcz,2,,2
ghtshqhnmvmgdps6rclhhsix,6,6,66
eightj4hnnsfssqqmfourgdrmgcljdnslrhmkc,8,4,84
seveneight5pdzgpjvzlsxkjpflkjbzqhrfdlbskfbnbkcpl,7,5,75
six5gqjlsevenfnffpl2hrdrvrdthreeb,6,3,63
137nineone81one,1,1,11
gnrxrnqjdtxvcbggcmcfshz8rrkfd,8,8,88
nrlccp4szxqgljj31,4,1,41
622kvttthree3jfd,6,3,63
8zqgbdc,8,,8
rmczlxrvjpp79sevenonefourmmjvgthree,7,3,73
3fournine185sevenrgtrrpgjf,3,7,37
five282six,5,6,56
three7xcqlxd16sixktfmxslk,3,6,36
6vrzsmsv8,6,8,68
4twodqjxsbklhjtfthree,4,3,43
3dmxljghfourzkvxq3,3,3,33
4lveighteight51tfgbbfour,4,4,44
csfkthreesixxcfpdone3tvscpp8three,3,3,33
vhmkkks6glrlpv,6,6,66
eighthnine1rsmbpndnqqgds,8,1,81
7tnbhktwofive84seven,7,7,77
3kjpxgrlmstnxxdnqgpgjhcttlmnineninesix5,3,5,35
2eight4264,2,4,24
twoqmvnmxstnqfour8d621kxktzk,2,1,21
pdksthree5gzpvlmjmfourtwocfbsthree,3,3,33
rtvtffd6fivefive,6,5,65
onemxrpmlxsbd9drnsfive3,1,3,13
zfjqcthreesixoned1sixsx,3,6,36
flsevenvqctldf6,7,6,76
1seventwoeight6,1,6,16
xxktlvdcdtstsqjmd47onell5,4,5,45
6tbvxcgddrfjnhgntrthreegx4,6,4,64
rfxjvdllvzv2dshhdtjvbxvsqmq4ninegp,2,9,29
five7bjzhkmmfnhcmnfljlhb6bptflhrrvgfour,5,4,54
ltzlonenine5six,1,6,16
nineeight49,9,9,99
fqcdtgtb9sevenrnsgx4,9,4,94
eightlfdmv5threehrrkvhzhhxmzprz,8,3,83
2dglljrllsix,2,6,26
sevensixxnlb473twotwopgjxgp,7,2,72
5sevenrkhk,5,7,57
9eight3,9,3,93
7one5four,7,4,74
lh5jzqxeight84,5,4,54
385nslvbjqvkxvvcprqghxccv87fpmqfhnlv,3,7,37
ngsjdpvv72sixmbtr,7,6,76
xvslr642,6,2,62
mrjhmtnhx2,2,2,22
gsrbhmh5fiveoneqhhmsmkrbc3sixtwoeight,5,8,58
mnxvtn3vtqhxsrfivefive57qrmhshkk,3,7,37
9vkghgztxdzcvl7dlthreefmklvsmhxnqrtzzsvvq,9,3,93
djclthdptrk8fournineqvnrrlbjjhtwoeight,8,8,88
79pnt9one9,7,9,79
mlcxcrjzpvlkkdpmmsevenone6npd,7,6,76
fivefiveninezhppshtks1kqtkss,5,1,51
7nine46cxzcjhbnbg5,7,5,75
fourqhbr5cqbdmvps,4,5,45
pqvzfrt7ftplx,7,7,77
265pninenine5twofive,2,5,25
four41,4,1,41
1fdgcmbc1onepcktj3seven,1,7,17
5twob,5,2,52
two1sixc7znfhkhzgzzjzf3xdbqtdspv,2,3,23
vqkg7sixrntjjzc,7,6,76
7one9zdnnqtbbq4gkkkdskbtlqspsmx1pphnh,7,1,71
xgsix2hltpnqxktwo,6,2,62
gmhmskd37nqk7q8,3,8,38
onezxllhcpjfkeightsjvvpmcztdndf8seven,1,7,17
ninenmrljg6fivegmtzhflztxn,9,5,95
nmzqxlx387eightczpsgxskfzklk9,3,9,39
1fournine7cgtmr2lsvljtp2,1,2,12
98lzz1sixfour1three6,9,6,96
one8ninetwo,1,2,12
4xcrhxlvsr7,4,7,47
8two2four,8,4,84
ninefninefour5qlxbmk51,9,1,91
hhlflbbmbd29jrjrbx5879,2,9,29
six3djmgs,6,3,63
cfivevgzckfqcg6ninesixfvlkpm,5,6,56
449honexjqtrxveight3nzzx,4,3,43
threetwo22,3,2,32
d6seventhreeeight949,6,9,69
nllbxt3qspvt6sixgglvfcfivetwo,3,2,32
jhfrfgjjtsseveneight76,7,6,76
gjninestxljz88six2,9,2,92
5rsqhsx9rnd,5,9,59
7three72sixjkxlnpt,7,6,76
dhkfvps9,9,9,99
onefive7qdvbqjxzk,1,7,17
7sevenldcfd7,7,7,77
twoeightpjpkcjvvbfseven6,2,6,26
six1eight9five29,6,9,69
hgdztcbpx4sixseven1fklt8six,4,6,46
6six7kjlpmld1,6,1,61
twolpxfhllfllkcksvsllbtvjsll2bjq,2,2,22
2nine7nine79fourfourbtqd,2,4,24
tjfsmthreeoneninendd6two,3,2,32
2five1,2,1,21
1seven1jrgtkcfsjfbfrmsevenfourlvbgbknn,1,4,14
79twolthjsjnbrthreerdmbk3,7,3,73
sevennine6432,7,2,72
1hjtcnjztkvjspr7,1,7,17
seven84dlbb1,7,1,71
two78threevdhgqfzt,2,3,23
7bmln29onezlxtzthj7fzpvnxllz,7,7,77
nldvscqn9hfnthreesevenonetwoflbrdnhq,9,2,92
sixpkx7eight1ctbhdf34,6,4,64
rprprpmfour3fivevxqrqrqp4tghglvssfive,4,5,45
gpxjnsrsonezn1bht,1,1,11
2three4ninebnfzzxzl8seven,2,7,27
two23one2,2,2,22
9sevennmxmxvzcpt3hgsprhmvtxbqvbn2three,9,3,93
69threeonervrxqdfive,6,5,65
scjjqgrbnnsztvmbtninethree74two2,9,2,92
one7nkbn6nine,1,9,19
nlmdfshone2eight11sqhsftrg,1,1,11
fxt4twofive3sevensevenxq,4,7,47
three6zfzpdmrpbr9289vszpcqkq,3,9,39
8threebqzbpz3,8,3,83
plpnsfour6,4,6,46
1twonetdm,1,1,11
oneseventwo4x,1,4,14
fourhmprhkfgdkgqznineeighteight2,4,2,42
984mrrqjhzc3dsqpjvrpctvbtk,9,3,93
onenjdmrjfdjznrffive73fivechpxdpnqbnpq,1,5,15
4mhjzvbgnxpq1jfllblcjkbxzrt,4,1,41
threeblztlfgltlznxv9cqsjfnmgftnmscjmxpmfkleight,3,8,38
jtvjjrjnf2two,2,2,22
8oneseven3djtdzseven3,8,3,83
bctvlxxxgtp4,4,4,44
onenrncdseven2foursixone,1,1,11
sevenseven1,7,1,71
cfhszdltcqkllpqbfive6sevenqjqphqkhhjsixbvblzhgfp,5,6,56
dpzbcnbdzzninev6eightlk,9,8,98
eightjznzkdg53fourninebsfdzqpsix,8,6,86
four4s88fdxtnt3six,4,6,46
nine33six15five6,9,6,96
eight3five26jdrrmvnzgxm,8,6,86
zjzpg4onesixseven,4,7,47
99fourfourtwo,9,2,92
xlxmvkdkvrfrddhvgmhrqllvcpsnine2,9,2,92
fourfour1xfpdnfqvcklf,4,1,41
ninethree7one2czbtzzfkz,9,2,92
two41hgvsfzmtcz13,2,3,23
sevenfour2sixq,7,6,76
seventdnjmqhbmm3zgffshmjlzcjcvbl7mzc,7,7,77
khthzgjkzdkgjzxlkrvd4fivezq5,4,5,45
fiveseven4onefourxtrfournine,5,9,59
9onexh,9,1,91
83ninet3drmkrtpdc6pmdrvdbx4,8,4,84
twofvxngqdhlpstlhfhxonegrrzfbsv7,2,7,27
seven3fivethreepqzfl7,7,7,77
56two229,5,9,59
djrthreethree3seven4zxlfntgssq,3,4,34
three3mdkbtxkkfour2gtpgcktqflrfs,3,2,32
711q3ninevbsg2,7,2,72
ninethreenfone4eightseven,9,7,97
onexfxnine64fivefour,1,4,14
foursqctmzlh64eight,4,8,48
8one4mslnine65fnr,8,5,85
9mbgn42bfhbfive79,9,9,99
75kdhhfllf1onesevenssvztltg24,7,4,74
jxrpsflt52jz246five,5,5,55
dlvhq4pzxcstjtxq9,4,9,49
lgnxqnhjsbsixpm24two,6,2,62
3sevenfiveltdmfzlq842four,3,4,34
threetwosix39foursixthreethree,3,3,33
nine12bkhqklpfour3,9,3,93
73534two1,7,1,71
nhkbzfmgdhjjhggfivebncmnbskphsixnine2five,5,5,55
xxzvlxmdtwo8threerbtwo1eight,2,8,28
5bvzltnmqgnfqvqk3fivefhhhhnb,5,5,55
qthree1fivettjdpgnmkcfive,3,5,35
tknsqnjjczfbgshtvpdchpb6fngjztk77four,6,4,64
1five2seven1rsqfsrxfcmnxtqj7nxzcc,1,7,17
lcvzgqpmlgonefourseventwosixnine8,1,8,18
ssqcjzpjb5five5two,5,2,52
seven7nrgglcjfour3two4,7,4,74
five4fivexnbnoneninengqngmg,5,9,59
8fiveltmhtwo,8,2,82
jzmqtqbzh1,1,1,11
1fourthree,1,3,13
2eightfoureight2,2,2,22
7nzkfvzfivemchbf,7,5,75
7four2tpfvmjgdseven7,7,7,77
1dzfpxmpxjscclshsixknfmgrpvptdf,1,6,16
rm4618bkgpgmrhdldbftqzssbzsqxsix,4,6,46
fivemmfxdgqpj7sevensh1nine,5,9,59
qgqxznine19sixeightone,9,1,91
one7sevencnpdqmv,1,7,17
vgm8four5ccrcnbddv2,8,2,82
28gxkg245hpmd,2,5,25
ngvvdk41eighttwoseven,4,7,47
1nine54,1,4,14
onehcvdnt7twonflthree,1,3,13
5nineseven,5,7,57
8x,8,,8
fiveznsz56,5,6,56
mplrzchnhjgxfmqbpfdm7kzrfour4threehjt2,7,2,72
gdvjfqsqmnine67jlh9,9,9,99
4tphmcfm33sixvgonefour,4,4,44
61fourthree7ninethree,6,3,63
five4qsk42sixmxdrqcndcmvxcfqv,5,6,56
rkrstzqone3bjjpgfrgg4859,1,9,19
2oneqlsmvzznsxninefivesixksshvprpfive,2,5,25
6fouroneoneqffour6jpfqpvcmx,6,6,66
xshcfrdxnlv125nineone45,1,5,15
jqdvfiveglxjpbvzch9,5,9,59
6jqmjmqznqmxkztdgzb,6,,6
tzjfdrzvzfivejsv49eightwozmf,5,2,52
rslmsmj4vnq71eightfive,4,5,45
vbmbfkfour26sz9,4,9,49
6two769hffxnbnineeightnine,6,9,69
9five3hqjdvxlmvvckndzhsix,9,6,96
jtknzpnbqpfgtdbnxkbthsix78,6,8,68
fivethreerht48llrprvphts9cd,5,9,59
eight19,8,9,89
sixone66six1seven,6,7,67
fsgtskzsk9eight6,9,6,96
2gb,2,,2
onecone79g8,1,8,18
vgfqd49mk26qmxhqb,4,6,46
lclctndpsffrbdmztb8,8,8,88
1seven4,1,4,14
thxj66ffbzzkz6twolzsbqseven,6,7,67
2lrgrrhceight,2,8,28
332three9,3,9,39
dmtwonegppvjcmj2sqplmshfsd69,2,9,29
fqdmgxtwotmzrb549six7seven,2,7,27
87kkcbqvfftwomxsixsevenfrhlthree,8,3,83
82l15vjddqclrtttsm,8,5,85
2gjb3qhxvdrblq1,2,1,21
three4xvqb9nineone1fxsvj,3,1,31
921,9,1,91
4xzzdgzpklltssh95two,4,2,42
twoonejsmrddbtcng8zbhfbqvblbkmcpxst,2,8,28
8five949,8,9,89
pmpv69fourddfxzrvphdsxz6,6,6,66
seven6cnkkgphkdmvnxnxfvkfcmgthree,7,3,73
98three,9,3,93
threert9rfsix244,3,4,34
18jnzxfivefour1sixthreefjngk,1,3,13
543vlxckcffkj,5,3,53
crxdmtzone1,1,1,11
t99vqbpprvvzq3fz,9,3,93
1mfourdvpfour5dzzdnjbdfxchkgpbnlss,1,5,15
five11six5,5,5,55
9bbvmmxkfzldhjfghnlsevenfour3slnp,9,3,93
twokglseven1qqhsp57clctgc,2,7,27
kmtrnineseven6one2,9,2,92
four1rg8five,4,5,45
threefour5sixsix,3,6,36
mdvrfdcxndd1,1,1,11
hqtsplgzqbrxbbstwolzrjcnqf3threeq,2,3,23
drhoneight7bnjh3fiveninejlqlljd,1,9,19
fivefqqfcmzdfour1,5,1,51
94thphvvkmkhpdnqsrh,9,4,94
bsqhfjk3zxzhtqfncc7lcbzpgx,3,7,37
threezzjnlpgxhsfxmjl9588,3,8,38
fourfourn279six,4,6,46
fivevxzjpss5eight,5,8,58
5fourc8fivenine9hmdgxjeight,5,8,58
3threeninexjbzmsgrhkzxscfhddhsixtwohcgjfdszpxjsp,3,2,32
sixknhkfsmqvvvone9jhfxjpr,6,9,69
8bxgmbbdmrvpjfxbzd,8,,8
1dpxrdfvp3two8one8one,1,1,11
threefbvbfkk3scsbr,3,3,33
gvmrjgjkdppdc9one,9,1,91
133gglhlfprmtnqb5four,1,4,14
vtzddchxktgsshpztmpxxvrhsjq1fkstwo,1,2,12
8one5krgr55,8,5,85
twofive8nine5,2,5,25
pnjpkthree47eightjbsdz72,3,2,32
sixonefhltgkbbbt8eightthreefour3,6,3,63
72gbr5,7,5,75
38mqgkbbkhbksqxfive61,3,1,31
8ckhzckrkq88threessqqcpbnonejtxkxbbfive,8,5,85
5threetwocrfsxsnf643,5,3,53
9tlgcxkr,9,,9
threehbmttm59sevenhfourhpqrjqj,3,4,34
dfbqxtzkkpfseven42sevenseventwo,7,2,72
86eightfvxgfjzrf,8,8,88
vxfl4,4,4,44
three4bshflzvvdnbeightfqdlqnvlrkdxrtnpjcqn,3,8,38
5sevenpxdrhmjbgdgpnseven,5,7,57
2two4,2,4,24
9xxnhc8vqmrnffmg3,9,3,93
97kqfonefhhc4,9,4,94
8fiveseven9,8,9,89
nine6eight,9,8,98
52five3one2fkmnk,5,2,52
kfdxhkninestttsmtkmkhxbhhxlbxsix3pvdqd1,9,1,91
fourninedhsvphbmhccjcktqsnthree8,4,8,48
fivefive35three5four33,5,3,53
4seven7seventhree6,4,6,46
vfkjpfxltm5xcq5nine825,5,5,55
52onegczcpghmzxvgjglbpjrtseven,5,7,57
5zzlmvl,5,,5
kmsnldpssvdfive519kvmlnthree7,5,7,57
lpkshkvrrl124dpgplnine88,1,8,18
644seven9qdpbpxdlxf,6,9,69
7jqc,7,,7
cbhpmvs7,7,7,77
two7twoonebdmzftjjxrfmsix,2,6,26
5mxxmdzdqdsixfourone,5,1,51
3g6,3,6,36
fglrhqsseventhreefivedpq4,7,4,74
fivefiveglddjbfbk3two51eight,5,8,58
7eightfjqqhljpxgvlghsc9lfqctddsoneninetwo,7,2,72
mllcz8vczcgrbdn41qfglhzsqk,8,1,81
gxstgzqfrfourgkxvnkpgckhnxj7seven,4,7,47
93sevenjzvxc73,9,3,93
63nine135gqdhbnine,6,9,69
ltcgbbxftssixdgtxdpp1kzbhvqt,6,1,61
2z3seven1,2,1,21
4two9qnfrvcbonesixzfr5,4,5,45
twojhlt32,2,2,22
8one2eight,8,8,88
cdjdb4vcvg98,4,8,48
three9nc,3,9,39
qmfjqnsbthree97,3,7,37
fivenine5one,5,1,51
glnine55twoseven,9,7,97
three7k2,3,2,32
437five,4,5,45
svzrgbljxdstwo9six6four,2,4,24
383zseven2eight3xvqvp,3,3,33
6fivegnglqj8tfkfgxkm573seven,6,7,67
twosixltnpgkkr3,2,3,23
7sevenmphlgrdz72j,7,2,72
5nine24,5,4,54
hq9b4fourbgtjjgmzfj6,9,6,96
1sevenczhtpmvmstvvgrbrhptxtlneighttwo4,1,4,14
mbhfpxjbj1xdmvchpztmcxtlqjtk,1,1,11
37hrqnnknjpcmmfhnbbmsps,3,7,37
9fcsix51foursckzjtffvv,9,4,94
gddqlqfourninenine65,4,5,45
tgqvzvcnxs5lffnzhtd,5,5,55
3bqfb8psxv38five,3,5,35
fourcskck3seventhreefour8,4,8,48
six1sevenjdvjkrn6six88,6,8,68
threetwothreeone87jlhgbrtgvdrt,3,7,37
sevenmsldjlpvzhtwosix4threefour,7,4,74
cthhqm2oneeightfour,2,4,24
rpbbnszfxg8ninetbeightfiveqskfzcf,8,5,85
sbjghdfgheight9seven,8,7,87
nfj59pjhrzfourfive,5,5,55
twotwoseven6nxxblhkdxct8,2,8,28
5lgxnqdfiveninedtdonespkvnonelzphcrxr,5,1,51
7qkphfqbbjvninedprb8cgmpcmsz79,7,9,79
fkmhvlvjgczxsllskzdone8,1,8,18
dzjvft8fivecpclmdtwo5453oneightt,8,8,88
6bjbvjgm,6,,6
64ckqzvnjdhnine,6,9,69
four5eightwon,4,2,42
six3vggtzjxtsjfpbqh,6,3,63
7one5,7,5,75
onezccmbfq3,1,3,13
7gseven3seven,7,7,77
nxsevenone6ninep,7,9,79
hmmz2hvmxcmqtsrxdllrnzrgzcx85three,2,3,23
mskcmjfdvxmxlv5dnhhkvhx,5,5,55
krxjnz48sixzpqzppcngmsixb,4,6,46
7threedgsgseveneight,7,8,78
nfhpdbs4988,4,8,48
fournnfsjtwosixtwo2fourcnvdgmcfive,4,5,45
ptfhmlmjzltftmn2nvxvksbqhl7two7gdxb,2,7,27
threehqgqzx32,3,2,32
598flbdmfivenine,5,9,59
1tvrxqvsixfour,1,4,14
threedz8fourthreencxs,3,3,33
8foursxvfourlrgqjh,8,4,84
31vjeight2nfgkjvjqseven,3,7,37
one2lvvlseven9,1,9,19
fournine5xtpl,4,5,45
2fgfbjg,2,,2
2onefour,2,4,24
one3vbrbkjmkqxs9t,1,9,19
jdgcvgcfsdbhvmeightkf8onenine9,8,9,89
2onekqfmjcftms,2,1,21
seven68two4zn,7,4,74
sevenvqpmhtxhncvff5one,7,1,71
mfqgljnmonepldmbnqphhtdonefive3xr,1,3,13
rrxkcnineninebsh3sixnine,9,9,99
81ztjznine,8,9,89
mgkgddsonethreebpmhnpfnqjjhzthreehdpnzmht55,1,5,15
3five3,3,3,33
jeightwotwobqsbczrlfgj7,8,7,87
6pvghfqtfjc,6,,6
three3onenine4pmtfive,3,5,35
rnrdbjxtwo7fivesevennlpfrcptqtwofiveone,2,1,21
7psthptpvbh2,7,2,72
4bvsgkshslg44vkfour,4,4,44
three1tworkxhhps,3,2,32
299one,2,1,21
rghnkhlxqz91,9,1,91
76twocfcrone3,7,3,73
97dkkfonen6jnsmlh,9,6,96
2hnqhcpr4,2,4,24
seven7llhskvhnxz4,7,4,74
6ffjvvdgbtdxpmvdsk5qvppxtgblpvl,6,5,65
btsl8threenvhjkcckkgfsfnjgthree49,8,9,89
31vvmjfz,3,1,31
hjbkfgnmk35four4kgxb3two,3,2,32
5zkljxdhzpcfb7five8zpsckrfkvbeight,5,8,58
8onefourtvdgninenfive,8,5,85
6eightzcvfourrzqp7,6,7,67
3foursevenxjkmnnvqhq,3,7,37
5274eightwohx,5,2,52
vktjgvnztldsfbnqgqt9seven35,9,5,95
j5xqqltd3fouronesix,5,6,56
4bnpgeightsxlrbxdsnbdc,4,8,48
3zzxtcs8,3,8,38
ddjd13zpfqqx,1,3,13
fivenmninerrzkdp1,5,1,51
oneone989bn,1,9,19
sixfltmpjjqnmfpln5,6,5,65
5ninedn,5,9,59
562,5,2,52
47eight8hqsvhpk,4,8,48
nreightwofjnkrsgcdnt75,8,5,85
four1qvdfsfthgbb3kjrlh,4,3,43
shtf21,2,1,21
cqdlfptg2zzninelsmgpvqvrqnz7,2,7,27
shsjvztwonine8fourgrtgbdfdlqjvmktnrt,2,4,24
xpjzeight9rr,8,9,89
56fourcjrnmttqp8two3,5,3,53
3sevennxshxncmcfnxpv,3,7,37
fourvjgpcsqfjmtwofour9nine,4,9,49
twogjvtlpnsmcjqkgkkj7fivefmmthrfs,2,5,25
four9kssrrzrlbqeight,4,8,48
three4eight1xzrqjpxpnxqptnqvmqsdj,3,1,31
6phjpjd,6,,6
5twoklcnsq1xcone,5,1,51
seven1bvnpqqkqcmzdllhj23five,7,5,75
ff19sknzln8jrdlhptfourz,1,4,14
rdrtwonehvdxccpftplzfqpzcrjsix6pfr,2,6,26
seven3llthreeshcb,7,3,73
qqzlgseveneight6one15four,7,4,74
7pzmfpvzdhhnxpsxd4vrqbmgtxjcsvfxdnxjzsevenkd,7,7,77
threelvkggjfivemlddrfrrllgfssfmgs17,3,7,37
tcbckd2,2,2,22
7four7krmsixffv9threethree,7,3,73
glvknsmmgn2onexjdskcqq3threeeighttwo,2,2,22
1fpt3,1,3,13
qddscqpjlpnnlsneightkm6sixnine,8,9,89
hppd1xlkgsmtfxxbvcgzbdfournine,1,9,19
pqdmrhvxdqbrkgjdc36mbq,3,6,36
rpllrjvrvfourfivefour3,4,3,43
two5neightsevendmp1ninehjfvvplmfc,2,9,29
gppnq7,7,7,77
foursix81onefkhzshsfxlxgxjzdd,4,1,41
13five,1,5,15
3sevendjlgttvnsevensjpgsjt7,3,7,37
172,1,2,12
three69threefour,3,4,34
3tcnfpzpkz,3,,3
5vxzzfhg24bznvrmsjmtfmfjgxdseven,5,7,57
szhmlqxfffiveeight71nine,5,9,59
8five89zjvjqtpmlqveight5two,8,2,82
5twopjlvzlrltv,5,2,52
sbjtbfqkshrrtlrxvvq97jrflnxcrnfive3,9,3,93
qhoneightfoureighttwo5xssdqmvljfivenine5,1,5,15
3eightsix3five9,3,9,39
treightwo3sqzninenine1sxk85,8,5,85
oneeightxklmdbfkqjfour9threetmlnine,1,9,19
lxfxplrqeightninethreeppfnzfvndjn8qrmsjq,8,8,88
5one55eightwog,5,2,52
tworlqkztqblj9ltxlshrhjlttnqzhsdbpzzzbxdn,2,9,29
53vvvsmxjvs,5,3,53
4nine2qpgvdtxldq4four8jnf,4,8,48
keightsevenhcvrpztgcvsxszqdlzd1threenpvszb,8,3,83
89eightvdvklpxfntwo,8,2,82
ndtqsrfjmtzgdptlp8pnnf4onelq,8,1,81
6threesevenfx,6,7,67
6fjbglhltcfdxcbnzlcrtwoneqx,6,1,61
3jxtvj1onemxbqxlnm6sevenjzkhljktcm,3,7,37
twogkljgjbxzhlnrdxkhqvsevenqqttpjnx3,2,3,23
jmdcbcllcv1,1,1,11
3twosevenxgtbzsfhrbxsgk9sevennine,3,9,39
372,3,2,32
52qzldrtxqxnfivekkdqqs54,5,4,54
gcmnp51hxhvdbk22gdvdfour,5,4,54
6bpdjtwoqmqtvzqfive,6,5,65
4zmfthreefivefoursix1csnrznptgr,4,1,41
hrdpbqfonefjqbbjrnine9onenine1,1,1,11
47bdtqmbdvhmsf3five86vhclmd,4,6,46
295two7four,2,4,24
3onenineseventkgxthreetblbmljhkhfour5,3,5,35
4four8fourthreek36,4,6,46
5rqnsvdhkbrvrltcqpsd,5,,5
six4fourfourthreefour,6,4,64
4967,4,7,47
99,9,9,99
71seven9kcmclngvpmlkkfngssveight,7,8,78
79eight9six,7,6,76
3sevenp,3,7,37
seven69lxsllgjqdvfoureightfive,7,5,75
8six5grssfgfr78two,8,2,82
twomkpjc18fkkhlnkgkxfjnine,2,9,29
g8qcq9xqlzgzmmrf5vhm,8,5,85
zsix8ssfrjqbnztttvszlsqeighteight4slzcrnkvf,6,4,64
dmfive1ffprhgfnrx49,5,9,59
7cfdcptvvnvhfivetwo,7,2,72
18kqkxdlnhjbqoneszclkzljhnhqd,1,1,11
52lcclkxsix,5,6,56
three7five5cjtgpzjfoureight,3,8,38
53pchxqfpcfddsqzl7oneeight,5,8,58
ctjg84hqsjxfive,8,5,85
1znmjftpq7xbxt,1,7,17
nine71krj7fivenine,9,9,99
pgr6lfbhkpsjhhjpgqnxtxmkpdktnine21,6,1,61
xhkeightwo14four23eightqxhpct,8,8,88
x1,1,1,11
7357fivehfbbgdhzg,7,5,75
rktbdvm41seven,4,7,47
6fshmcmxdsfgxrcfvone,6,1,61
nndrdq7six,7,6,76
5two7r,5,7,57
one78gnsdkhkqfourfdsghnll6g,1,6,16
3sixht,3,6,36
96mbxlpgctgf1sixfivefour,9,4,94
2sixbcqskzpqbqtt8sixrtngznb2,2,2,22
twoone9fvmczldvtk,2,9,29
4jpfmgzgdhs,4,,4
3ninefour,3,4,34
61nine,6,9,69
8kleightoneightrhf,8,8,88
51sixg,5,6,56
pckfpxzmrthreejvh8eighteight5,3,5,35
ssmgkkblkfive68eight2,5,2,52
nxkxdtckfb95bpdtrdhhltjdqpnine6,9,6,96
kqjkvndr3lfqthvmbrbfgzrbcntpcrd,3,3,33
44sixtwonineonefour,4,4,44
gtvlneighteight5961nine2,8,2,82
14lzxzbvbg4sixeightpthgz3,1,3,13
8814eighttph,8,8,88
7rpf8fivedkfivesfxgkjmniners,7,9,79
six6zsxzcfmcxzn2,6,2,62
four12dkgnmsjqtjp7zmzbsp,4,7,47
8two69six,8,6,86
three13six4three6one3,3,3,33
threedfmcmxgxzhglv36five,3,5,35
8kkjrbkmbt2,8,2,82
jhttwone3fivethree8ninehjgnvmxtkdcpmhhvrb,2,9,29
sixtwofourseven86zs8,6,8,68
26seven,2,7,27
28three6,2,6,26
qpsznsqqfb4ntcdf,4,4,44
9zbqnvnlgrjcnpmbkdmtvmdfouroneqctnnm2,9,2,92
onefivekpfrdbxcmn3sevenonerfzmcsvbjgtcxndv,1,1,11
seven814nskmxzpcnvfppntrssthree,7,3,73
74jfmrfkznsfiveeighttwofivethree1,7,1,71
sixgh8,6,8,68
fhnlhfour3jhrzjdsrfour4five,4,5,45
qgzblcqp9,9,9,99
jrk377gdrjfldpqmeightffrlxffive,3,5,35
36eightsixgvninezkl,3,9,39
3hshcq9r,3,9,39
dmrhgkv2njtwo95,2,5,25
6pktmsdxpmpvmpfc4eight,6,8,68
five1five6hnpbzpmcccnqpfive,5,5,55
lmsbmvmrrljf4ninesix4threertxtsvfour,4,4,44
419six,4,6,46
tstsix3six,6,6,66
37seven,3,7,37
sixtwovghcj32pj,6,2,62
x66four6,6,6,66
72twosixnvdcq2nvkmgbsb,7,2,72
kvxprh1tnlrpmcldsshh5kcdfxmbcbfour,1,4,14
2threekqqcvtxjrktkqpddqhfourpbqqcrgbdeighteight,2,8,28
rltdhqvnm8,8,8,88
sevenninetjvvfxcv7,7,7,77
bhmkxpvhrqkfive8fourtwotwo1lcbkk,5,1,51
threepcnnzhkbzfbhqtn3eight544rtsrtcc,3,4,34
eight7onekqdvzvsmxcpgfjlllhtptnrmv,8,1,81
47zsqd2pnsgjhpkxljpvnine,4,9,49
8ldxnsfour,8,4,84
two7vpjfvhtmqdcrqlonekkqrnc32,2,2,22
12znrsmjqf,1,2,12
eightsixeighttjjhqsevenns1qbkstj,8,1,81
pcpcrqshftwo4,2,4,24
sixtwoninenmffcmfldb81,6,1,61
five75pvngkvx9nnlttwotwonev,5,1,51
1739lkzpsfzdsixfoureight,1,8,18
threekqvbcfiveltbrtjjtdcchtjthxvztkjpd3eightsix,3,6,36
qrxtwonefive9,2,9,29
96zthtvk8228bmfllnc,9,8,98
tmnsgdz3fourtpmtcvtfqdcteighttm,3,8,38
rmpbtfqxmmtwokn5two,2,2,22
ninefive65,9,5,95
qzmthdvvzmxthf82fivesevenbvdt8dscnl,8,8,88
onenfhgqqpdrtxvzn961sxjhxlg2nmxzkbp,1,2,12
9eightone,9,1,91
fourfhnzmcfour6lshj,4,6,46
eightzlffkpcbrbjjpmjrz7tcgjonefourthree,8,3,83
twomdzv77four2437,2,7,27
bvcgtrxthg863,8,3,83
4fpmpsxzdshdszvckpxqkgfourxnrpp,4,4,44
one3sevenmfmlk,1,7,17
eightthreenvfp439,8,9,89
bm9,9,9,99
jssc74tlhvfdjs6kdxzrskxrdtfqnnkfczr,7,6,76
v2eightsix,2,6,26
eight2mflbkmeightqfivethreefour,8,4,84
fdchmls7,7,7,77
7cgtkzkdvkfour,7,4,74
one237,1,7,17
69tfpdbmcrbqq1,6,1,61
poneightfiveninefivetwosccxmtbf28,1,8,18
87sevenpzbjhjvqonetwo,8,2,82
xsbsqpdlp9threejpjmrctbkrjrsevenone,9,1,91
cmhxdcpl85jhtpnttwonzlcrcfivevxxqn,8,5,85
1zxccxdpkl9tdqkgfxsevenvhlrmvfhvvzdzbk,1,7,17
lqmnvtdqngqjh355,3,5,35
mcsttwo43bsdrtt7three9bhlh,2,9,29
pvmtwonefour8eight8,2,8,28
2tgcpztjnqkldhshbmxnm,2,,2
5zqkkcnnsh3,5,3,53
vqfmjzln6xnrpnrpqkdpqfgxfnine2,6,2,62
87eighttwo1,8,1,81
sevenxrdhnpz87zzjzhxcbbxqxeightsixoneightssl,7,8,78
pdpgbbhpzzmhqfhkprgx1twoonethree,1,3,13
gggfnvtxvpsix6slxrninenine56,6,6,66
dxbhdfrvgqkhch5seveneight,5,8,58
7five3,7,3,73
fourfive1fourptggnine,4,9,49
three6npf45kjrbrg94nine,3,9,39
4twonev,4,1,41
4rgpf98two,4,2,42
7chcnzghmcznftwo5,7,5,75
dvskzxcgnljmgxfntwo73,2,3,23
qboneight5nine1vftwotwo,1,2,12
54lqlzgjqctwosix,5,6,56
zxqnine57,9,7,97
3onethree,3,3,33
eightfive2xxxtwoblfjhlq9b,8,9,89
6ninesqvjsrz813,6,3,63
6734,6,4,64
2jcxkckrj7crncbonevskt,2,1,21
167fivef1,1,1,11
three9five2eightfivetpdlpxljgnineone,3,1,31
9two6five,9,5,95
xxktwoone2crphztrtndrjgs,2,2,22
gcjzskxzmtwo45seventwoqvzpfive,2,5,25
8phdzrrlkhqjrmlgshlmonefggsnslj,8,1,81
threer3oneeightfive43,3,3,33
six1one,6,1,61
dzoneight8,1,8,18
sdztwoneghxmqxlgv68,2,8,28
9onecjone9ppvlt,9,9,99
2svml3fourfl6five,2,5,25
clknqq83ninefive,8,5,85
1tgfkdnqgoneightzf,1,8,18
9onesixfiveqcclnl,9,5,95
onedvchs4,1,4,14
strmhlxs2threefouroneseven,2,7,27
dpbxhlgkzbtwo32nrdtwo,2,2,22
seven38sixfivehlkdsj12,7,2,72
eightfive6,8,6,86
8sevenfour8mknvzhfnzvbjplldpqkvvrcrmfourfive,8,5,85
xmzjtktmsixsix2ninesvqgxc,6,9,69
7fourbpn1four,7,4,74
8nineqksmfivevdknb,8,5,85
8kfv4ldzf,8,4,84
71fiveeight,7,8,78
bbmtpsdbnktndcnthreethree2jeightsevenxl,3,7,37
ntggphnine3,9,3,93
6vfb5,6,5,65
9pqjp3fivedssspd,9,5,95
pmsixeight7x6,6,6,66
1nine5sixoneightmm,1,8,18
threefbhsjcqrstdzkfgsllpktqljnlsevengbvpmvhlthree5two,3,2,32
9rqfdgxl4pgfbdsfonedbmjqthnsevenone,9,1,91
ccqknlg29bzxdrdx,2,9,29
vtbjqtjhr23,2,3,23
sevenvstvhd1ninesix,7,6,76
sixdjszthree7,6,7,67
6jhnj4,6,4,64
2fivenjrfkz,2,5,25
one55,1,5,15
69fourvttjxr,6,4,64
kqpqtkss7lxfxsfsmxqkfpcrjm,7,7,77
459xr,4,9,49
46nzsfive,4,5,45
s4jhbqgpmsninesixfivefiveone,4,1,41
4twofivefive,4,5,45
528nmtcfptktmfivesixfour,5,4,54
78qnkp,7,8,78
zbgrb4mskvlrkcftbpjr2twones,4,1,41
tvcjhbv4nine,4,9,49
three6mxsxvlljdnsgtzrfouroneightlp,3,8,38
6jc7two,6,2,62
one9kmkrvjrzbv6eight1seven9seven,1,7,17
fivesixstjrxhn7zmjthsdk3fcjsq6,5,6,56
ncbzqeightfivetbpmzrvp44ctpjhg,8,4,84
sevenrgvgkzktvjdd92,7,2,72
5eightsj,5,8,58
83nine7hzjvjxmbn,8,7,87
sgspsggkbzfour9,4,9,49
two5fivetwofive41eightwosm,2,2,22
onejmk5eight,1,8,18
nine11,9,1,91
xlhx53qrnvqfiveclj7six,5,6,56
oneeightone1five8one14,1,4,14
56d3,5,3,53
5sevenseven9dnhkhhpjzbqkrt31,5,1,51
r6one,6,1,61
sevendh46,7,6,76
eighttwofivesevennine915eightwomjk,8,2,82
four26three,4,3,43
sixrspdrhltrseven3,6,3,63
3bf1two,3,2,32
6ts,6,,6
sevenhnvgvkhztsqbqcvm17btpzrrrfpsnr,7,7,77
eight8fourldzrzhpmppkcfcchtzpteightthree5,8,5,85
124,1,4,14
379qtfive,3,5,35
4pp,4,,4
128pqgtqrjdhlrfivesixthree,1,3,13
f7ninesix,7,6,76
16hqkxjnmd,1,6,16
9sixsix98qhblkzh,9,8,98
13nine8glvsfkrqs,1,8,18
ninegdnhsfgckc7two,9,2,92
onenine69lzqx7gxhcdcg34,1,4,14
67993fivexcx,6,5,65
nine6dbqrthree9five6bone,9,1,91
zvfmz6thgmqgqsvnqpxtdx575,6,5,65
eighteight2,8,2,82
five2five,5,5,55
lprqsrxqceighttwo744mptdngcgmchkg,8,4,84
1seven3ztfhcsrkdj76rmjz8,1,8,18
h4fiveeightfournineblvhhnnqpsix,4,6,46
sixk4,6,4,64
nine7vhpkkztwo,9,2,92
8jfrfchzpk54sixcfbdfrccpv3,8,3,83
9zkxnqjfzcrdseven8ninefivenine,9,9,99
ninefivenrfmttdq9vgtnqsxcmh,9,9,99
5tgjvsix5,5,5,55
722fvzzn,7,2,72
23threethree,2,3,23
7two5hszrj5nineonethreedp,7,3,73
2lpdzpzeightfive2onethree,2,3,23
lptvrd5qjnstntpld44eight6bflqd,5,6,56
ldh1three,1,3,13
tx9kgbrrvthreezkxhpn6,9,6,96
g5gks6fivel,5,5,55
hlblkd3threedcqhbtmktvtzqrmjhgtgtxnfbbdffmckbqxxp,3,3,33
dfjmnine71vfndzz,9,1,91
66eightfivepzqvsrlrr5,6,5,65
seven2threeninemcmlhfmkndhtdeightthreethree,7,3,73
6ktfgglmnvjgxsevenfourjzgp6eight,6,8,68
76zvbblfrthreeeight2ninefive,7,5,75
fivetgprhplmsmhslrtpr31six4,5,4,54
sevensevenone71rgqb6three8,7,8,78
34htvldclbxmeightwon,3,2,32
five1klzmf3,5,3,53
5dqpfivethree4,5,4,54
p6,6,6,66
xrtwone719,2,9,29
tmtwonefive3sevenqqpz8twotdsn6,2,6,26
qvcdkggrh644,6,4,64
899tnqhhzcjxxllmp139prgx,8,9,89
sixnrsgvmrggcl6,6,6,66
ccjq3one,3,1,31
5threejbhlrrlone1four,5,4,54
ninefive1ninevhndvmrbqzcnlccptbvl,9,9,99
3sevenonepnjxhkbtc,3,1,31
3ninelck34eight,3,8,38
jmjcc88trmxvsvkgxdjlh78jjtwo,8,2,82
mpfpnqqrsspmdjpkmrrlljrlsddnsix38three,6,3,63
mtttwo97,2,7,27
4xfnjbsplqnxtns13qlsnbhn,4,3,43
eight69eight,8,8,88
two6dtrfmgh4,2,4,24
qtgvqlzp175zxt5,1,5,15
sgmqvl9tmnthree2,9,2,92
db47six6nkgdqvc,4,6,46
6jrsixlldvpn2onekrqninejh,6,9,69
gdrqhbkpg3one,3,1,31
7threeseven8threegqlml6mjmtc2,7,2,72
nptwothree8five,2,5,25
8kxmjpnctddeightnine5twonevzf,8,1,81
threefour7fivelhvxvhlqzfn,3,5,35
spfgjxkcnfourllmv3v9four,4,4,44
7xzksddd7v8pjrv4five,7,5,75
68fq1four,6,4,64
threel6dd7one,3,1,31
pnrsevenseven5four95,7,5,75
4sevenqlzjjcdsvfdtzcjp,4,7,47
1kxfmrsix58ninenrmmlvtd,1,9,19
743threeqfxmmtvkczhteight,7,8,78
bslvhvlspr8dsmhjlrcfjsixnine,8,9,89
2mpjmtrrnineeightklxflnvgr,2,8,28
gxnzcrf4xvgcgb9one368,4,8,48
4three5j28xl,4,8,48
2seventkdnfrkvnd7,2,7,27
7llbkvzblfdtwo667six,7,6,76
two7onethree2fivesixhgjg,2,6,26
gthreelprkltjbqp7sevensix,3,6,36
q41cpcpjh,4,1,41
nine42fivefzztjknfv,9,5,95
five3kblrgsonedxjhsnxfour56,5,6,56
fckqjbs1cbblpbvtxdlcvtwotwo,1,2,12
9xvjszgkbcfourninerp8nine,9,9,99
vmlx27oneqzmffghcmfpn47,2,7,27
tjschpthreecbb6sclbfivejzlbd,3,5,35
77sfzkxdfdjnbnseven3knnqgvjbm,7,3,73
threeqgfcrn2,3,2,32
four7qcrxlcjsklhjcsz2731,4,1,41
sixreightsixqhflvseven8,6,8,68
1xxngrjnfsixfiveslrfivenkplbgnqxg,1,5,15
onefnhbcjqrthree7jlbcfgdl5,1,5,15
81oneightrgr,8,8,88
sixmqgdfgscr6three,6,3,63
sixxlcsix2,6,2,62
1zrqllfszlhqgp2,1,2,12
pcvrlxfml5znrjc542,5,2,52
pctzcvgrfj82,8,2,82
jnrlqsptfivetwokghkr8sevenlzdf,5,7,57
kfbdrtgtgsix9sevenone,6,1,61
ppzqjzvvfive39eighteightthree,5,3,53
bzblbmns62seven7jvdgxknx1one,6,1,61
foureightsevenmtwo7,4,7,47
3dxbt6h,3,6,36
7phdxhtsbmfzmhzlsh3four,7,4,74
fsrcjfour2kllnxdbfhnine3six,4,6,46
dp6sevenseven,6,7,67
nqf3pv7,3,7,37
fivesckjvndbf1eightfivejqzcsn,5,5,55
eightqxbx3jdzmcsvrpv9fplreightzdrlbpfj,8,8,88
one6twoeightkrrfdgrttxvthgfour,1,4,14
sevenseven3sixsdrtj,7,6,76
rstsevensix4oneseven7mrccrxmht,7,7,77
fourthreehjthr8five,4,5,45
fourxmxncslkq71,4,1,41
seven1b5two,7,2,72
3four9eightfour34,3,4,34
76one6four,7,4,74
sixsixpzghqfqndvpcmzt4tftxxpjbghs,6,4,64
fouronenine7eightwot,4,2,42
two77mplckblrclfqgpgsx24seveng,2,7,27
eight6twoeight18fczfn5four,8,4,84
7dxqshsmhrvbnfgjq5,7,5,75
nine52three,9,3,93
3thbtwo,3,2,32
two9sixeightoneeight,2,8,28
mklp1qqgkgcceightfour77,1,7,17
13onermtxflmnmq8qxhkhxthree2,1,2,12
397rhmknine96rzfgbr,3,6,36
8fourseveneighthb67,8,7,87
89625t,8,5,85
fbfxgqsqhthree74seven5,3,5,35
8threegnqhhpfx,8,3,83
zdsfs682,6,2,62
76lqkvfhtdpseven4lfpvkxjgqtwobbrz,7,2,72
7zthreesevenfour9four,7,4,74
ninefc6eight4two5oneighttfn,9,8,98
eight32,8,2,82
eighteight6lqgrgbntgkkzfqdjhxtwo,8,2,82
8vdzgsqnsix551,8,1,81
6klxfrfqzbsrnxmmdbnqbvfpzcjtx5two36,6,6,66
nhcdmxpvg5kmmknrnine,5,9,59
17tpsvtclthree,1,3,13
five84eightfjrznfsrb,5,8,58
fjzfb6onefourhtlmvlns,6,4,64
zqmmfdkl8,8,8,88
3sixeightnkgpssqnkrsclmshzzfhxxhvxlsljgfgnltbpc1twoneqd,3,1,31
8frbccqkvdtwoc,8,2,82
zeightwoeightptmkdhx3eightnineqx4,8,4,84
pbfnine6three8six5jtxmeight,9,8,98
eight78,8,8,88
1bhlgn5five,1,5,15
xnhhlgfrqbgfhhnvllhptfh3,3,3,33
ljjllzbbffpxcjrztzthreermg6fzqqpd,3,6,36
72mmjrfjvlzone3threethreesix,7,6,76
fiveonecfsfsix74twocllbfnptkgttf,5,2,52
